user_id,activity,text_sample,word_count,issues_count,timestamp
user_001,writing_analysis,"Writing Prompt: Write about your family

Writing Prompt: What makes you happy?

Writing Prompt: Desc...",24,5,2025-08-06T22:13:30.878936
user_001,writing_analysis,story,1,1,2025-08-06T22:14:51.830128
user_001,writing_analysis,My village is good.,4,1,2025-08-06T22:15:22.040831
user_001,writing_analysis,peacocb,1,3,2025-08-06T22:16:08.742961
user_001,writing_analysis,"Writing Prompt: Describe your favorite food
dosa
peacocb",8,3,2025-08-06T22:16:42.193539
user_001,writing_analysis,do something,2,2,2025-08-06T22:58:39.383812
user_001,writing_analysis,go to badminton,3,4,2025-08-06T23:06:03.211619
user_001,writing_analysis,hgjk,1,1,2025-08-06T23:43:02.759005
user_001,writing_analysis,dfgdfhdfbzvc,1,3,2025-08-06T23:47:26.424388
user_001,writing_analysis,i help someone when they have no one to help,10,4,2025-08-07T00:01:33.009379
user_001,writing_analysis,it will improve driving,4,3,2025-08-11T12:45:00.339385
user_001,writing_analysis,i loved him,3,2,2025-08-11T15:33:11.368463
user_001,writing_analysis,i did fun yesterday,4,2,2025-08-15T00:57:46.329061
user_001,writing_analysis,i did well,3,2,2025-08-15T01:07:54.332235
user_001,writing_analysis,i am writing a letter,5,1,2025-08-16T18:08:44.175549
user_001,writing_analysis,i am writing a letter  doy,6,3,2025-08-16T18:09:03.020345
user_001,writing_analysis,The room is a small square. One wall is almost entirely mirrored closet doors with gold-toned frames...,26,5,2025-08-20T01:59:34.950185
